,TimeStamp,Delta_TP9,Delta_AF7,Delta_AF8,Delta_TP10,Theta_TP9,Theta_AF7,Theta_AF8,Theta_TP10,Alpha_TP9,Alpha_AF7,Alpha_AF8,Alpha_TP10,Beta_TP9,Beta_AF7,Beta_AF8,Beta_TP10,Gamma_TP9,Gamma_AF7,Gamma_AF8,Gamma_TP10,RAW_TP9,RAW_AF7,RAW_AF8,RAW_TP10,AUX_RIGHT,Accelerometer_X,Accelerometer_Y,Accelerometer_Z,Gyro_X,Gyro_Y,Gyro_Z,HeadBandOn,HSI_TP9,HSI_AF7,HSI_AF8,HSI_TP10,Battery,Elements,unix_ms,rel_unix_ms,trial_ms
14,2024-11-24 12:43:28.844,0.779396943487292,0.027577577234421,0.2829457311548222,1.870220543009762,0.3565913280295037,-0.3623677271047093,0.2613529965121814,1.731964636338561,0.3199218696066731,-0.1246777835415565,0.3045318273370767,1.42596387463475,0.5467511366308926,0.0558108164654419,0.0992007339668661,1.00617648313623,0.6009303798030462,-0.3541353228161991,-0.4181777973158642,0.5057723262610202,775.6410256410256,804.6520146520147,791.7582417582418,745.8241758241759,859.4505494505495,-0.229004,0.140076,0.968994,-0.336456,-12.927399,-5.50293,1.0,2.0,1.0,1.0,2.0,65.0,,1732470208844,4504,0
15,2024-11-24 12:43:29.340,0.779396943487292,-0.0573375065026178,0.1956485874574721,1.870220543009762,0.3565913280295037,-0.3782820000726165,0.2495834019658607,1.731964636338561,0.3199218696066731,-0.1713226965506928,0.3751618293167505,1.42596387463475,0.5467511366308926,0.0460411151471546,0.008266067252014,1.00617648313623,0.6009303798030462,-0.3274502015653414,-0.3913792654612162,0.5057723262610202,785.7142857142858,802.6373626373627,803.040293040293,1083.882783882784,605.6043956043957,-0.206421,0.171265,0.943054,-0.5159,2.093506,2.729034,1.0,2.0,1.0,1.0,2.0,65.0,,1732470209340,5000,496
17,2024-11-24 12:43:29.843,0.779396943487292,-0.1187368360645361,0.2671672228348917,1.870220543009762,0.3565913280295037,-0.2192643200295749,0.3853755315613299,1.731964636338561,0.3199218696066731,-0.0491790523197294,0.451793496787693,1.42596387463475,0.5467511366308926,0.0116359933972611,-0.0204378005521031,1.00617648313623,0.6009303798030462,-0.2874867125606046,-0.4443199376781081,0.5057723262610202,792.5641025641025,804.6520146520147,796.5934065934066,911.0256410256412,775.6410256410256,-0.150818,0.078979,0.978943,5.158997,0.994415,1.031799,1.0,2.0,1.0,1.0,2.0,65.0,,1732470209843,5503,999
20,2024-11-24 12:43:30.339,0.779396943487292,-0.067120758051098,0.3648956124084598,1.870220543009762,0.3565913280295037,0.1103732573412712,0.42693451502088,1.731964636338561,0.3199218696066731,0.3336118330673521,0.4374211163383951,1.42596387463475,0.5467511366308926,0.0505031923189285,-0.0523676539145974,1.00617648313623,0.6009303798030462,-0.2885202028871763,-0.4785544262705118,0.5057723262610202,776.4468864468864,795.3846153846154,822.3809523809524,917.4725274725276,551.2087912087912,-0.124756,0.192139,1.173096,1.009369,0.553284,-1.07666,1.0,2.0,1.0,1.0,2.0,65.0,,1732470210339,5999,1495
23,2024-11-24 12:43:30.840,0.779396943487292,0.6774737571787692,0.6202944645758461,1.870220543009762,0.3565913280295037,0.6656086761236842,0.4659292691566023,1.731964636338561,0.3199218696066731,0.6549991246343595,0.4191189370564743,1.42596387463475,0.5467511366308926,0.0606877696891377,-0.0122977111792256,1.00617648313623,0.6009303798030462,-0.3564439046983383,-0.4851099537233471,0.5057723262610202,872.7472527472528,799.0109890109891,794.1758241758242,803.040293040293,678.9377289377289,-0.169495,0.227173,0.940979,0.800018,-5.353394,6.676788,1.0,2.0,1.0,1.0,4.0,65.0,,1732470210840,6500,1996
25,2024-11-24 12:43:31.342,0.779396943487292,0.9320882172566246,0.6890087075514058,1.870220543009762,0.3565913280295037,0.8429386259840085,0.5021382710495739,1.731964636338561,0.3199218696066731,0.6600497168294727,0.2619327088306162,1.42596387463475,0.5467511366308926,0.0824753670613195,0.0085615272362934,1.00617648313623,0.6009303798030462,-0.2050672200653186,-0.3559050621638187,0.5057723262610202,744.2124542124542,788.1318681318681,791.3553113553114,830.8424908424909,1169.70695970696,-0.21106,0.091187,0.908142,3.058014,-3.588867,-0.179443,1.0,2.0,1.0,1.0,4.0,65.0,,1732470211342,7002,2498
28,2024-11-24 12:43:31.840,0.779396943487292,1.090777995848982,0.824370110178943,1.870220543009762,0.3565913280295037,0.9635876252048878,0.6270281235405814,1.731964636338561,0.3199218696066731,0.6593906361566259,0.2618782286055561,1.42596387463475,0.5467511366308926,0.0625634371925111,0.0854494213404944,1.00617648313623,0.6009303798030462,-0.0875591787022651,-0.1858088077332136,0.5057723262610202,935.2014652014652,794.5787545787546,812.3076923076924,1013.772893772894,880.0,-0.123474,0.168213,1.092285,4.28421,-5.039368,-0.433655,1.0,2.0,1.0,1.0,4.0,65.0,,1732470211840,7500,2996
31,2024-11-24 12:43:32.346,0.779396943487292,1.090453344760808,0.9201258609864814,1.870220543009762,0.3565913280295037,0.9015964046322016,0.6905294541996073,1.731964636338561,0.3199218696066731,0.5129761776974177,0.1694283201016648,1.42596387463475,0.5467511366308926,0.0901463356513563,0.0890336517275096,1.00617648313623,0.6009303798030462,0.0928404271376441,-0.1456142400611788,0.5057723262610202,760.3296703296703,799.0109890109891,800.2197802197802,627.7655677655678,612.0512820512821,-0.164368,0.20636,1.13623,4.351501,-0.598145,6.362762,1.0,2.0,1.0,1.0,4.0,65.0,,1732470212346,8006,3502
33,2024-11-24 12:43:32.842,0.779396943487292,0.93462746164624,1.109789015150911,1.870220543009762,0.3565913280295037,0.7395370274303362,0.7560093088529376,1.731964636338561,0.3199218696066731,0.2807729210314507,0.5488291329649477,1.42596387463475,0.5467511366308926,0.1194135886979903,0.1049153827931993,1.00617648313623,0.6009303798030462,0.1238871835850328,-0.1872722958920994,0.5057723262610202,816.7399267399268,798.2051282051282,798.6080586080586,424.2857142857143,35.86080586080586,-0.265686,0.059082,0.932129,5.637512,-4.007568,-4.762726,1.0,2.0,1.0,1.0,4.0,65.0,,1732470212842,8502,3998
35,2024-11-24 12:43:33.341,0.779396943487292,0.0977121675280854,1.144709711371386,1.870220543009762,0.3565913280295037,0.230552914058139,0.7565875673751586,1.731964636338561,0.3199218696066731,0.2904034884855105,0.7523715925192258,1.42596387463475,0.5467511366308926,-0.0081795950941467,0.2363957000900511,1.00617648313623,0.6009303798030462,-0.1621349861769016,-0.3364769978705668,0.5057723262610202,705.5311355311355,806.2637362637363,804.2490842490843,909.81684981685,378.7545787545787,-0.173279,0.175415,0.849609,2.527161,-8.254395,-2.452393,1.0,2.0,1.0,1.0,4.0,65.0,,1732470213341,9001,4497
38,2024-11-24 12:43:33.839,0.779396943487292,0.005199961506722,1.041590852583014,1.870220543009762,0.3565913280295037,0.1384563646747468,0.6749947131925774,1.731964636338561,0.3199218696066731,0.3386382193166316,0.7705710488441608,1.42596387463475,0.5467511366308926,-0.0503015893003262,0.2036373649943634,1.00617648313623,0.6009303798030462,-0.2428298319778518,-0.4001822567939353,0.5057723262610202,870.7326007326008,804.2490842490843,805.4578754578755,847.3626373626374,1626.630036630037,-0.270203,0.028381,1.029541,-1.398163,-6.878662,2.115936,1.0,2.0,1.0,1.0,4.0,65.0,,1732470213839,9499,4995
40,2024-11-24 12:43:34.340,0.779396943487292,-0.0697132961891212,0.812566252775283,1.870220543009762,0.3565913280295037,0.005403231699651,0.4858422893956841,1.731964636338561,0.3199218696066731,0.3378820948943559,0.7705710488441608,1.42596387463475,0.5467511366308926,-0.0497222915804712,0.1628822135532452,1.00617648313623,0.6009303798030462,-0.2460026359757686,-0.3007355237545176,0.5057723262610202,943.2600732600732,804.6520146520147,785.3113553113553,1243.443223443224,830.0366300366301,-0.208374,0.165955,1.06488,-2.542114,5.996399,-4.26178,1.0,2.0,1.0,1.0,4.0,65.0,,1732470214340,10000,5496
43,2024-11-24 12:43:34.839,0.779396943487292,-0.0830090550312689,0.763600211250604,1.870220543009762,0.3565913280295037,0.0113064668156803,0.2795672777567417,1.731964636338561,0.3199218696066731,0.4053350885671694,0.6682577092457783,1.42596387463475,0.5467511366308926,-0.0356439635391425,-0.0199748184776277,1.00617648313623,0.6009303798030462,-0.2800311147599286,-0.2296629213240672,0.5057723262610202,794.1758241758242,809.4871794871796,802.6373626373627,666.0439560439561,1149.56043956044,-0.230957,0.1745,0.982666,-0.882263,6.57959,-0.104675,1.0,2.0,1.0,1.0,4.0,65.0,,1732470214839,10499,5995
45,2024-11-24 12:43:35.340,0.779396943487292,0.3026333890204965,0.8077536488649458,1.870220543009762,0.3565913280295037,0.2968052922621196,0.2083517469751252,1.731964636338561,0.3199218696066731,0.2866249098273667,0.3708491814144871,1.42596387463475,0.5467511366308926,-0.0166066805991248,-0.0527233315387879,1.00617648313623,0.6009303798030462,-0.2771142304905936,-0.1926415879983051,0.5057723262610202,692.2344322344322,807.8754578754579,797.8021978021978,430.3296703296704,45.53113553113553,-0.255676,0.062988,0.867065,4.463654,-2.362671,1.532745,1.0,2.0,1.0,1.0,4.0,65.0,,1732470215340,11000,6496
48,2024-11-24 12:43:35.839,0.779396943487292,0.4409862129889027,0.8492530204125641,1.870220543009762,0.3565913280295037,0.4511418257170761,0.3220047259248259,1.731964636338561,0.3199218696066731,0.2687075283775088,0.615911769853625,1.42596387463475,0.5467511366308926,-0.0095691475269561,0.0392405403114001,1.00617648313623,0.6009303798030462,-0.25737251786284,-0.2065043845628582,0.5057723262610202,725.2747252747253,806.6666666666667,809.0842490842491,915.8608058608058,1222.893772893773,-0.16217,0.164673,0.88324,-0.381317,-9.959106,4.568329,1.0,2.0,1.0,1.0,4.0,65.0,,1732470215839,11499,6995
50,2024-11-24 12:43:36.339,0.779396943487292,0.6842125717912089,0.7127164684056169,1.870220543009762,0.3565913280295037,0.6233825563105242,0.3235222771687962,1.731964636338561,0.3199218696066731,0.2979629408478151,0.6767360259841837,1.42596387463475,0.5467511366308926,0.1279398105585166,0.147778975510465,1.00617648313623,0.6009303798030462,-0.2975082877636909,-0.2663811840220785,0.5057723262610202,967.032967032967,802.6373626373627,807.0695970695971,938.4249084249084,840.9157509157509,-0.201233,0.09021,1.133179,-7.768402,9.60022,4.42627,1.0,2.0,1.0,1.0,2.0,65.0,,1732470216339,11999,7495
53,2024-11-24 12:43:36.846,0.779396943487292,0.8067100870457861,0.8084250722360075,1.870220543009762,0.3565913280295037,0.7172027718011396,0.5212418685113737,1.731964636338561,0.3199218696066731,0.239892606419837,0.7912106981822546,1.42596387463475,0.5467511366308926,0.2214300529579125,0.2014026017370088,1.00617648313623,0.6009303798030462,-0.2851147996234338,-0.1797555750479522,0.5057723262610202,772.014652014652,821.5750915750916,778.0586080586081,695.4578754578755,739.7802197802198,-0.252625,0.138977,1.031006,4.052429,-1.136475,-3.050537,1.0,2.0,1.0,1.0,4.0,65.0,,1732470216846,12506,8002
55,2024-11-24 12:43:37.340,0.779396943487292,0.8067100870457861,0.9572094239597272,1.870220543009762,0.3565913280295037,0.7172027718011396,0.6143140211122349,1.731964636338561,0.3199218696066731,0.239892606419837,0.8475221349453542,1.42596387463475,0.5467511366308926,0.2214300529579125,0.1935315319919571,1.00617648313623,0.6009303798030462,-0.2851147996234338,-0.1761147747365275,0.5057723262610202,627.7655677655678,782.893772893773,854.2124542124542,666.8498168498169,3.223443223443224,-0.22406,0.168152,0.826721,-0.53833,-5.794525,5.36087,1.0,2.0,1.0,1.0,4.0,65.0,,1732470217340,13000,8496
57,2024-11-24 12:43:37.840,0.779396943487292,1.027425824629183,1.169445657376382,1.870220543009762,0.3565913280295037,0.4404315509390446,0.7869182988501304,1.731964636338561,0.3199218696066731,0.5555220344463655,0.8430258722304853,1.42596387463475,0.5467511366308926,0.0483436335560387,0.1896007838074882,1.00617648313623,0.6009303798030462,-0.0181381944542769,-0.0870681857408858,0.5057723262610202,720.0366300366301,812.3076923076924,802.2344322344322,1102.820512820513,694.6520146520147,-0.304688,0.092224,0.877075,2.048645,-3.484192,2.003784,1.0,2.0,1.0,1.0,4.0,65.0,,1732470217840,13500,8996
59,2024-11-24 12:43:38.341,0.779396943487292,1.041930619529902,1.291401928558875,1.870220543009762,0.3565913280295037,0.5223138263657073,0.8490243424606575,1.731964636338561,0.3199218696066731,0.6965325115559812,0.8181811017113235,1.42596387463475,0.5467511366308926,0.0943606160510305,0.1665449209631785,1.00617648313623,0.6009303798030462,-0.1504373093225181,-0.1194214507661082,0.5057723262610202,819.1575091575091,793.3699633699634,810.2930402930403,964.2124542124542,1626.630036630037,-0.204285,0.179749,0.950867,3.424377,-4.246826,-8.852539,1.0,2.0,1.0,1.0,4.0,65.0,,1732470218341,14001,9497
61,2024-11-24 12:43:38.841,0.779396943487292,0.9116145204669944,1.291401928558875,1.870220543009762,0.3565913280295037,0.398426158160589,0.8490243424606575,1.731964636338561,0.3199218696066731,0.6498696746041338,0.8181811017113235,1.42596387463475,0.5467511366308926,0.0949519434242906,0.1665449209631785,1.00617648313623,0.6009303798030462,-0.2160042477720295,-0.1194214507661082,0.5057723262610202,846.1538461538462,794.1758241758242,809.8901098901099,712.3809523809524,466.1904761904762,-0.157959,0.084045,1.047302,-2.66922,7.372131,3.237457,1.0,2.0,1.0,1.0,4.0,65.0,,1732470218841,14501,9997
64,2024-11-24 12:43:39.340,0.779396943487292,0.7726301647581005,1.10084847002075,1.870220543009762,0.3565913280295037,0.3876499055656196,0.9434335788306482,1.731964636338561,0.3199218696066731,0.6759291129986694,1.01054866351894,1.42596387463475,0.5467511366308926,0.0995704072044963,0.1662034697737974,1.00617648313623,0.6009303798030462,-0.32462947463069,-0.3016093919055401,0.5057723262610202,791.7582417582418,806.2637362637363,801.025641025641,519.3772893772893,927.1428571428572,-0.204468,0.091919,1.007263,2.781372,1.831818,-1.472931,1.0,2.0,1.0,1.0,4.0,65.0,,1732470219340,15000,10496
66,2024-11-24 12:43:39.840,0.779396943487292,0.8071458684065033,1.184368268662209,1.870220543009762,0.3565913280295037,0.3964293054447962,1.057310966977156,1.731964636338561,0.3199218696066731,0.6658946463392114,1.048625905140529,1.42596387463475,0.5467511366308926,0.0483119504557865,0.2138238059575607,1.00617648313623,0.6009303798030462,-0.2825764135529263,-0.3321370154558578,0.5057723262610202,624.1391941391942,857.8388278388279,817.5457875457876,358.6080586080586,0.0,-0.194397,0.152527,0.880066,1.674805,-2.280426,7.230072,1.0,2.0,1.0,1.0,4.0,65.0,,1732470219840,15500,10996
69,2024-11-24 12:43:40.340,0.779396943487292,0.8832345328761367,1.261422098935669,1.870220543009762,0.3565913280295037,0.4946433878040154,1.133503294811917,1.731964636338561,0.3199218696066731,0.580540629715999,1.048625905140529,1.42596387463475,0.5467511366308926,0.0132945455462399,0.2669594427764759,1.00617648313623,0.6009303798030462,-0.2786812840870067,-0.3421900890888439,0.5057723262610202,698.6813186813187,801.8315018315019,801.8315018315019,740.989010989011,939.6336996336996,-0.214722,0.089294,0.840759,5.024414,2.721558,12.957306,1.0,2.0,1.0,1.0,4.0,65.0,,1732470220340,16000,11496
70,2024-11-24 12:43:40.839,0.779396943487292,1.262021992129531,1.458880845169122,1.870220543009762,0.3565913280295037,0.970266564609058,1.340315941641275,1.731964636338561,0.3199218696066731,0.8029256347594397,1.048625905140529,1.42596387463475,0.5467511366308926,0.0198764095837053,0.329359439135819,1.00617648313623,0.6009303798030462,-0.2660329302127157,-0.5664356406294004,0.5057723262610202,915.8608058608058,801.4285714285714,797.3992673992674,835.6776556776557,1626.630036630037,-0.207642,0.213501,1.00708,4.882355,-2.743988,-3.200073,1.0,2.0,1.0,1.0,4.0,65.0,,1732470220839,16499,11995
73,2024-11-24 12:43:41.339,0.779396943487292,1.329121767770537,1.458880845169122,1.870220543009762,0.3565913280295037,1.004940080988625,1.340315941641275,1.731964636338561,0.3199218696066731,0.8020526593394902,1.048625905140529,1.42596387463475,0.5467511366308926,0.1094997781991808,0.329359439135819,1.00617648313623,0.6009303798030462,-0.2799028513930014,-0.5664356406294004,0.5057723262610202,761.5384615384615,797.3992673992674,802.2344322344322,580.6227106227107,0.0,-0.251343,0.088135,1.083618,3.080444,4.874878,5.039368,1.0,2.0,1.0,1.0,4.0,65.0,,1732470221339,16999,12495
74,2024-11-24 12:43:41.843,0.779396943487292,0.6626691182352774,0.945216849867009,1.870220543009762,0.3565913280295037,0.1503470253696621,0.5865233343978987,1.731964636338561,0.3199218696066731,0.3417801516612821,0.5641103484624395,1.42596387463475,0.5467511366308926,-0.0301978910590089,0.2616620692979742,1.00617648313623,0.6009303798030462,-0.372499555988296,-0.362478358009412,0.5057723262610202,746.2271062271062,797.3992673992674,807.0695970695971,606.4102564102565,893.2967032967033,-0.226746,0.061279,1.023193,4.770203,0.882263,-6.175842,1.0,2.0,1.0,1.0,4.0,65.0,,1732470221843,17503,12999
76,2024-11-24 12:43:42.339,0.779396943487292,0.585767157444582,0.9839196035960006,1.870220543009762,0.3565913280295037,0.1473032940608721,0.7233465879507236,1.731964636338561,0.3199218696066731,0.4223305364278008,0.712593766219232,1.42596387463475,0.5467511366308926,-0.0384651949937692,0.318356789908024,1.00617648313623,0.6009303798030462,-0.3565312264980222,-0.28966497162591,0.5057723262610202,669.6703296703297,796.5934065934066,806.2637362637363,895.7142857142858,0.0,-0.18219,0.202026,0.941345,5.428162,-10.295563,-7.947845,1.0,2.0,1.0,1.0,4.0,65.0,,1732470222339,17999,13495
80,2024-11-24 12:43:42.840,0.779396943487292,0.4228879789300473,1.100716492545786,1.870220543009762,0.3565913280295037,0.0530798008840189,0.8192499055834891,1.731964636338561,0.3199218696066731,0.3837752352228332,0.7306019845538383,1.42596387463475,0.5467511366308926,0.0129595394813195,0.2774409600131381,1.00617648313623,0.6009303798030462,-0.3848589193192372,-0.3255372103764391,0.5057723262610202,680.1465201465202,800.6227106227107,806.2637362637363,964.2124542124542,946.0805860805862,-0.097351,0.060791,0.811035,8.134766,-0.089722,1.024323,1.0,2.0,1.0,1.0,4.0,65.0,,1732470222840,18500,13996
83,2024-11-24 12:43:43.340,0.779396943487292,0.3388744974046702,1.018376319662869,1.870220543009762,0.3565913280295037,0.0176393541408219,0.7327783997019394,1.731964636338561,0.3199218696066731,0.3604672888509659,0.7306019845538383,1.42596387463475,0.5467511366308926,0.07158243465005,0.2128789536351916,1.00617648313623,0.6009303798030462,-0.4294472677704961,-0.3040033539062648,0.5057723262610202,817.948717948718,795.7875457875458,800.2197802197802,1124.175824175824,1626.630036630037,-0.104919,0.242676,1.072754,7.252502,0.388794,-4.059906,1.0,2.0,1.0,1.0,4.0,65.0,,1732470223340,19000,14496
85,2024-11-24 12:43:43.840,0.779396943487292,0.2714030179609136,0.878102333663003,1.870220543009762,0.3565913280295037,-0.1448653592495419,0.5433845818681214,1.731964636338561,0.3199218696066731,0.2151205648918189,0.6339706174606403,1.42596387463475,0.5467511366308926,0.1480260682539538,0.0702690584578477,1.00617648313623,0.6009303798030462,-0.3259815903806285,-0.3808139666521397,0.5057723262610202,687.3992673992674,806.6666666666667,800.2197802197802,1305.494505494506,0.0,-0.160522,0.112976,0.809875,-3.312225,10.736694,0.336456,1.0,4.0,1.0,1.0,4.0,65.0,,1732470223840,19500,14996
87,2024-11-24 12:43:44.340,0.779396943487292,0.1420851664393765,0.3966189239189625,1.870220543009762,0.3565913280295037,-0.307849543679736,-0.1418270810667323,1.731964636338561,0.3199218696066731,0.2484701677394168,0.1639746760111865,1.42596387463475,0.5467511366308926,0.1142740004271536,-0.0657768805942341,1.00617648313623,0.6009303798030462,-0.2606943586807091,-0.3188665053063775,0.5057723262610202,733.7362637362637,799.8168498168499,813.1135531135532,406.959706959707,249.8168498168498,-0.176453,0.07251,1.141907,3.820648,-3.132782,-10.228271,1.0,4.0,1.0,1.0,4.0,65.0,,1732470224340,20000,15496
90,2024-11-24 12:43:44.844,0.779396943487292,0.2197569847431014,0.2581281114323046,1.870220543009762,0.3565913280295037,-0.2824554929339131,-0.1753177979810535,1.731964636338561,0.3199218696066731,0.2756485893136968,0.4428886910536994,1.42596387463475,0.5467511366308926,0.116530306811928,-0.1250674520728072,1.00617648313623,0.6009303798030462,-0.2335616259104925,-0.3323019842137421,0.5057723262610202,1034.322344322344,807.4725274725275,814.7252747252747,954.5421245421246,624.945054945055,-0.119324,0.183594,0.981995,6.273041,2.13089,3.985138,1.0,4.0,1.0,1.0,4.0,65.0,,1732470224844,20504,16000
93,2024-11-24 12:43:45.340,0.779396943487292,0.2839366493465567,0.2354629725371098,1.870220543009762,0.3565913280295037,-0.2769158157630693,-0.1209250899128717,1.731964636338561,0.3199218696066731,0.2636721537709648,0.4907968351802142,1.42596387463475,0.5467511366308926,0.0642694311902403,-0.0859964618731216,1.00617648313623,0.6009303798030462,-0.2983370045496438,-0.319179328990329,0.5057723262610202,589.0842490842491,796.5934065934066,832.4542124542124,577.3992673992674,404.1391941391942,-0.203552,0.056091,0.838928,8.8974,1.05423,5.988922,1.0,4.0,1.0,1.0,4.0,65.0,,1732470225340,21000,16496
95,2024-11-24 12:43:45.839,0.779396943487292,0.3468572054340727,0.3368831846146893,1.870220543009762,0.3565913280295037,-0.2398310948806031,0.1927894831389978,1.731964636338561,0.3199218696066731,0.2320611516132627,0.5924780842060994,1.42596387463475,0.5467511366308926,0.1091361309170193,-0.0395499981074469,1.00617648313623,0.6009303798030462,-0.1971251776048411,-0.1718243240443361,0.5057723262610202,753.0769230769231,770.0,797.3992673992674,1225.714285714286,1623.809523809524,-0.130798,0.168274,0.877869,-4.112244,-1.749573,-4.306641,1.0,4.0,1.0,1.0,4.0,65.0,,1732470225839,21499,16995
97,2024-11-24 12:43:46.339,0.779396943487292,0.4395658409841869,0.7247323770083716,1.870220543009762,0.3565913280295037,-0.3029090987512142,0.5405550276113562,1.731964636338561,0.3199218696066731,0.1065386624003522,0.6314538543345346,1.42596387463475,0.5467511366308926,0.1252690624639477,-0.0092994820945601,1.00617648313623,0.6009303798030462,-0.1258196425912758,-0.1537380123891447,0.5057723262610202,1195.091575091575,800.2197802197802,804.6520146520147,987.5824175824176,1626.630036630037,-0.191895,0.066589,1.205017,0.418701,-0.471039,4.299164,1.0,4.0,1.0,1.0,4.0,65.0,,1732470226339,21999,17495
100,2024-11-24 12:43:46.839,0.779396943487292,0.5721619517266703,0.8373625096243832,1.870220543009762,0.3565913280295037,-0.1872075151826548,0.617148164316534,1.731964636338561,0.3199218696066731,0.0901553041087173,0.5673011169097879,1.42596387463475,0.5467511366308926,0.2091324940366173,-0.0517710116670211,1.00617648313623,0.6009303798030462,-0.0074933102490504,-0.1749887601269251,0.5057723262610202,454.1025641025641,801.4285714285714,813.5164835164835,265.9340659340659,0.0,-0.197083,0.152588,1.280884,3.55896,-2.699127,-7.985229,1.0,4.0,1.0,1.0,4.0,65.0,,1732470226839,22499,17995
102,2024-11-24 12:43:47.339,0.779396943487292,-0.4647959213995917,0.7878011552063495,1.870220543009762,0.3565913280295037,0.0332458136845842,0.5591380513008612,1.731964636338561,0.3199218696066731,-0.0774763403257654,0.5495720495719547,1.42596387463475,0.5467511366308926,-0.0659621917750681,-0.1385451672907496,1.00617648313623,0.6009303798030462,-0.1332224412781766,-0.4551998905998497,0.5057723262610202,901.7582417582418,803.040293040293,791.7582417582418,700.2930402930403,1471.904761904762,-0.190063,0.178467,0.979248,6.527252,1.727142,2.235565,1.0,4.0,1.0,1.0,4.0,65.0,,1732470227339,22999,18495
104,2024-11-24 12:43:47.841,0.779396943487292,-0.2836248157215046,0.5600257676328869,1.870220543009762,0.3565913280295037,0.0882618312411823,0.2420973869860119,1.731964636338561,0.3199218696066731,0.3620255913482623,0.1638424103954776,1.42596387463475,0.5467511366308926,-0.0654299297960656,-0.1564923615636902,1.00617648313623,0.6009303798030462,-0.1492989153682608,-0.4883749240061689,0.5057723262610202,1048.424908424908,801.8315018315019,796.1904761904763,456.5201465201465,231.2820512820513,-0.217712,0.066772,0.975769,8.329163,-4.493561,-3.887939,1.0,4.0,1.0,1.0,4.0,65.0,,1732470227841,23501,18997
105,2024-11-24 12:43:48.340,0.779396943487292,-0.2836248157215046,0.4604614397274163,1.870220543009762,0.3565913280295037,0.0882618312411823,0.1313123073825036,1.731964636338561,0.3199218696066731,0.3620255913482623,0.2203486855228643,1.42596387463475,0.5467511366308926,-0.0654299297960656,-0.1084916911261135,1.00617648313623,0.6009303798030462,-0.1492989153682608,-0.387149376701501,0.5057723262610202,605.2014652014652,801.4285714285714,805.054945054945,745.0183150183151,226.0439560439561,-0.117432,0.146606,0.80835,0.949554,-8.605804,-6.534729,1.0,4.0,1.0,1.0,4.0,65.0,,1732470228340,24000,19496
106,2024-11-24 12:43:48.842,0.779396943487292,-0.1601501706329847,0.5435963601580971,1.870220543009762,0.3565913280295037,0.1145650295408834,-0.0100449344242098,1.731964636338561,0.3199218696066731,0.3627887534393299,0.2010652568528657,1.42596387463475,0.5467511366308926,-0.0263151220564689,0.0124949386922049,1.00617648313623,0.6009303798030462,-0.2124129895191514,-0.2699334397036304,0.5057723262610202,593.919413919414,795.7875457875458,803.040293040293,1016.593406593407,1377.216117216117,-0.085815,0.052063,0.816223,5.256195,2.878571,6.130981,1.0,4.0,1.0,1.0,4.0,65.0,,1732470228842,24502,19998
107,2024-11-24 12:43:49.340,0.779396943487292,-0.1402690601265181,0.4297136199739069,1.870220543009762,0.3565913280295037,0.0688231478721209,0.0042900176195,1.731964636338561,0.3199218696066731,0.0440756684026303,0.2068772864121612,1.42596387463475,0.5467511366308926,0.0604902912733093,0.0320078780153331,1.00617648313623,0.6009303798030462,-0.3647057148263715,-0.329477872849849,0.5057723262610202,1019.010989010989,797.3992673992674,807.4725274725275,1052.454212454212,1626.630036630037,-0.055237,0.197388,1.084351,6.302948,2.601929,-2.863617,1.0,4.0,1.0,1.0,4.0,65.0,,1732470229340,25000,20496
110,2024-11-24 12:43:49.846,0.779396943487292,0.0186176011905461,0.346506716298327,1.870220543009762,0.3565913280295037,0.0139811073604522,-0.25962123372405,1.731964636338561,0.3199218696066731,0.2536699074989666,0.1516278994816289,1.42596387463475,0.5467511366308926,0.0496060533131103,0.0073849905951371,1.00617648313623,0.6009303798030462,-0.3026143946543424,-0.3620583763224984,0.5057723262610202,1026.263736263736,819.96336996337,770.4029304029305,796.1904761904763,205.8974358974359,-0.174805,0.134277,1.287842,7.222595,1.742096,14.303131,1.0,4.0,1.0,1.0,4.0,65.0,,1732470229846,25506,21002
112,2024-11-24 12:43:50.340,0.779396943487292,0.4233875519672023,0.8449789305098722,1.870220543009762,0.3565913280295037,0.1307633699655094,0.3871338994874005,1.731964636338561,0.3199218696066731,0.4294775856545377,0.6600554305246195,1.42596387463475,0.5467511366308926,0.0974064979594388,-0.0615451735505075,1.00617648313623,0.6009303798030462,-0.2560945571265167,-0.3797766626949105,0.5057723262610202,1033.516483516484,813.919413919414,791.7582417582418,560.4761904761905,1211.611721611722,-0.158386,0.036194,1.080139,6.011353,-1.211243,-2.661743,1.0,4.0,1.0,1.0,4.0,65.0,,1732470230340,26000,21496
114,2024-11-24 12:43:50.840,0.779396943487292,0.6922352764434295,1.097007501859873,1.870220543009762,0.3565913280295037,0.2192765173416129,0.6100261422568469,1.731964636338561,0.3199218696066731,0.4116047491110264,0.6539553777765093,1.42596387463475,0.5467511366308926,0.0685584148168938,-0.0325207165838246,1.00617648313623,0.6009303798030462,-0.2037394967054893,-0.3001260200532081,0.5057723262610202,1079.047619047619,803.8461538461539,812.3076923076924,890.0732600732601,812.7106227106227,-0.178528,0.179077,0.951721,2.960815,-2.684174,0.657959,1.0,4.0,1.0,1.0,4.0,65.0,,1732470230840,26500,21996
116,2024-11-24 12:43:51.342,0.779396943487292,0.736770186229438,1.154055586567736,1.870220543009762,0.3565913280295037,0.2722897918566553,0.6718744946566282,1.731964636338561,0.3199218696066731,0.4554394222934939,0.6546307988399969,1.42596387463475,0.5467511366308926,0.0267028656705561,0.006048927992423,1.00617648313623,0.6009303798030462,-0.2616962432934914,-0.2989899448072244,0.5057723262610202,607.6190476190476,794.981684981685,798.6080586080586,635.4212454212454,541.5384615384615,-0.182922,0.020874,0.809204,8.762817,-0.112152,1.323395,1.0,4.0,1.0,1.0,4.0,65.0,,1732470231342,27002,22498
117,2024-11-24 12:43:51.840,0.779396943487292,0.5939431586612642,1.014497250419939,1.870220543009762,0.3565913280295037,0.1767269174632505,0.5559870356410783,1.731964636338561,0.3199218696066731,0.4015074454080182,0.5941883203069426,1.42596387463475,0.5467511366308926,-0.0648735796208922,0.0899080910710927,1.00617648313623,0.6009303798030462,-0.3127020466602726,-0.2709698188891174,0.5057723262610202,649.1208791208792,792.967032967033,792.5641025641025,1134.652014652015,1626.630036630037,-0.166382,0.215088,0.908936,0.777588,1.046753,-3.992615,1.0,4.0,1.0,1.0,4.0,65.0,,1732470231840,27500,22996
119,2024-11-24 12:43:52.350,0.779396943487292,0.2688725804788546,0.7291846895052971,1.870220543009762,0.3565913280295037,0.1565516130180401,0.3591684233863122,1.731964636338561,0.3199218696066731,0.4266150693624723,0.2256729252862555,1.42596387463475,0.5467511366308926,0.065640472002414,0.1633389274725145,1.00617648313623,0.6009303798030462,-0.2720905126450475,-0.1205420871773284,0.5057723262610202,1093.553113553114,779.6703296703297,812.7106227106227,1123.772893772894,1626.630036630037,-0.154602,0.001953,1.152771,-0.5159,-2.071075,-1.794434,1.0,4.0,1.0,1.0,4.0,65.0,,1732470232350,28010,23506
121,2024-11-24 12:43:52.840,0.779396943487292,0.265888622495956,0.7127545154579654,1.870220543009762,0.3565913280295037,0.198466434015575,0.4879529242614428,1.731964636338561,0.3199218696066731,0.4488036990229534,0.5296510541017723,1.42596387463475,0.5467511366308926,0.1860627765858527,0.2878069606672755,1.00617648313623,0.6009303798030462,-0.1550101601143553,-0.1233846541748397,0.5057723262610202,705.934065934066,775.2380952380953,799.0109890109891,810.2930402930403,0.0,-0.20697,0.121582,1.018127,5.936584,0.86731,-4.187012,1.0,4.0,1.0,1.0,4.0,65.0,,1732470232840,28500,23996
123,2024-11-24 12:43:53.340,0.779396943487292,0.354121209156847,0.753671717056697,1.870220543009762,0.3565913280295037,0.3094115632538529,0.6371424716343619,1.731964636338561,0.3199218696066731,0.4385168001082388,0.6520480621198234,1.42596387463475,0.5467511366308926,0.2838222855948271,0.2698903990292628,1.00617648313623,0.6009303798030462,-0.0753190998732226,-0.1423440843100333,0.5057723262610202,940.8424908424907,811.5018315018315,801.4285714285714,1006.117216117216,1033.516483516484,-0.085266,0.218933,0.991516,5.368347,-2.983246,5.637512,1.0,4.0,1.0,1.0,4.0,65.0,,1732470233340,29000,24496
126,2024-11-24 12:43:53.839,0.779396943487292,0.5465478001209446,0.993479111577641,1.870220543009762,0.3565913280295037,0.3177710520705377,0.7095347957629622,1.731964636338561,0.3199218696066731,0.4850753862086838,0.6575921332794049,1.42596387463475,0.5467511366308926,0.3256979222379057,0.2136959471671539,1.00617648313623,0.6009303798030462,-0.079843206632793,-0.2274953269588996,0.5057723262610202,397.6923076923077,806.2637362637363,794.1758241758242,444.0293040293041,0.0,-0.085449,0.034485,0.860962,7.917938,0.770111,0.321503,1.0,4.0,1.0,1.0,4.0,65.0,,1732470233839,29499,24995
129,2024-11-24 12:43:54.340,0.779396943487292,0.3195755343677486,1.002489474928971,1.870220543009762,0.3565913280295037,0.244837326934515,0.6685533435927014,1.731964636338561,0.3199218696066731,0.5079960523106647,0.647782806889959,1.42596387463475,0.5467511366308926,0.1956919135738576,0.1699078504311934,1.00617648313623,0.6009303798030462,-0.2830305541351718,-0.1853932123103726,0.5057723262610202,660.0,792.1611721611722,803.040293040293,1174.139194139194,796.5934065934066,-0.155029,0.140503,0.813049,-5.121613,10.527344,-6.826324,1.0,4.0,1.0,1.0,4.0,65.0,,1732470234340,30000,25496
130,2024-11-24 12:43:54.840,0.779396943487292,0.4813003701794575,1.04906571324544,1.870220543009762,0.3565913280295037,0.4188037958371799,0.609251568192639,1.731964636338561,0.3199218696066731,0.5313830463063036,0.4440948727675407,1.42596387463475,0.5467511366308926,0.1710087411678531,0.1309144506715239,1.00617648313623,0.6009303798030462,-0.2827660072275209,-0.1129399510536872,0.5057723262610202,1429.59706959707,805.8608058608058,792.1611721611722,1511.794871794872,1626.630036630037,-0.188843,0.019287,1.072754,-3.20755,-2.362671,1.742096,1.0,4.0,1.0,1.0,4.0,65.0,,1732470234840,30500,25996
134,2024-11-24 12:43:55.339,0.779396943487292,0.445019212922449,0.8942422628939546,1.870220543009762,0.3565913280295037,0.3475225867902196,0.5465066130491155,1.731964636338561,0.3199218696066731,0.4631381297739595,0.3791173976165394,1.42596387463475,0.5467511366308926,0.1115665430007139,0.144638319473916,1.00617648313623,0.6009303798030462,-0.3357408342998862,-0.0634090169946882,0.5057723262610202,987.985347985348,807.4725274725275,806.6666666666667,282.4542124542124,3.626373626373626,-0.248962,0.195862,1.246216,6.751556,-9.188995,-2.960815,1.0,4.0,1.0,1.0,4.0,65.0,,1732470235339,30999,26495
135,2024-11-24 12:43:55.840,0.779396943487292,0.470156473757515,0.7366879869363622,1.870220543009762,0.3565913280295037,0.1541758185204821,0.4740759270918113,1.731964636338561,0.3199218696066731,0.274206026993678,0.4470986636125072,1.42596387463475,0.5467511366308926,-0.0317404884825918,0.0796924384995256,1.00617648313623,0.6009303798030462,-0.3548043736570232,-0.0295882688818011,0.5057723262610202,798.6080586080586,805.054945054945,794.1758241758242,551.6117216117216,1180.989010989011,-0.133423,0.177856,0.977417,0.194397,7.67868,3.551483,1.0,4.0,1.0,1.0,4.0,65.0,,1732470235840,31500,26996
138,2024-11-24 12:43:56.339,0.779396943487292,0.1735304902328679,0.3100330943158721,1.870220543009762,0.3565913280295037,-0.340091902618411,0.1950047213347185,1.731964636338561,0.3199218696066731,0.0685323806411959,0.459176787843436,1.42596387463475,0.5467511366308926,-0.0030274096208267,0.0909000348926655,1.00617648313623,0.6009303798030462,-0.2328101147101355,-0.1131714462347645,0.5057723262610202,944.8717948717948,808.2783882783883,806.6666666666667,513.7362637362637,0.0,-0.150696,0.026855,0.915527,11.663818,-9.069366,-2.026215,1.0,4.0,1.0,1.0,4.0,70.0,,1732470236339,31999,27495
141,2024-11-24 12:43:56.843,0.779396943487292,0.2763115746292127,-0.0225513036095845,1.870220543009762,0.3565913280295037,-0.3144907778925155,0.0329474718377407,1.731964636338561,0.3199218696066731,0.1304491746825023,0.408673006537093,1.42596387463475,0.5467511366308926,0.0095382871665719,0.0760903535611895,1.00617648313623,0.6009303798030462,-0.0990708733517792,-0.172887802586445,0.5057723262610202,472.2344322344322,799.4139194139194,806.6666666666667,756.7032967032967,0.0,-0.146545,0.177979,0.823425,-2.280426,-7.342224,2.145844,1.0,4.0,1.0,1.0,4.0,70.0,,1732470236843,32503,27999
143,2024-11-24 12:43:57.343,0.779396943487292,0.2272881337511453,-0.0010241366400242,1.870220543009762,0.3565913280295037,-0.2252453592084426,-0.0136693911210879,1.731964636338561,0.3199218696066731,0.1083475734131026,0.2726002371431279,1.42596387463475,0.5467511366308926,0.0591600529798927,0.054243778195556,1.00617648313623,0.6009303798030462,-0.0675238734448773,-0.2281744943345361,0.5057723262610202,743.0036630036631,808.6813186813187,803.8461538461539,983.5531135531136,1626.630036630037,-0.113098,0.027527,0.833679,4.142151,-1.323395,-0.216827,1.0,4.0,1.0,1.0,4.0,70.0,,1732470237343,33003,28499
145,2024-11-24 12:43:57.840,0.779396943487292,0.2439426344106539,0.0891268279117622,1.870220543009762,0.3565913280295037,-0.1903163771804587,-0.0921762746627642,1.731964636338561,0.3199218696066731,0.1175237274699528,0.1401187742819405,1.42596387463475,0.5467511366308926,0.052275622113914,0.0063980245040315,1.00617648313623,0.6009303798030462,-0.1073253459389799,-0.2419555411519619,0.5057723262610202,1334.102564102564,796.996336996337,808.6813186813187,1312.344322344322,1624.212454212454,-0.108032,0.237549,1.05365,6.76651,-1.286011,-5.52536,1.0,4.0,1.0,1.0,4.0,70.0,,1732470237840,33500,28996
147,2024-11-24 12:43:58.349,0.779396943487292,-0.047938396052912,0.3190715105531565,1.870220543009762,0.3565913280295037,-0.2733391039460272,-0.125912540954293,1.731964636338561,0.3199218696066731,-0.0407865092117267,0.1503471722063546,1.42596387463475,0.5467511366308926,-0.0063363782898224,0.000410370433387,1.00617648313623,0.6009303798030462,-0.2383905409960327,-0.3427273015090452,0.5057723262610202,468.2051282051282,804.6520146520147,802.2344322344322,372.7106227106227,0.0,-0.182861,0.236755,1.079651,-0.859833,-2.138367,3.401947,1.0,4.0,1.0,1.0,4.0,70.0,,1732470238349,34009,29505
148,2024-11-24 12:43:58.840,0.779396943487292,-0.1663226572834097,0.381982369183038,1.870220543009762,0.3565913280295037,-0.2196445104871148,-0.056886797310439,1.731964636338561,0.3199218696066731,-0.0252909611217199,0.1623143419097526,1.42596387463475,0.5467511366308926,-0.0570588069660178,-0.0088432530625771,1.00617648313623,0.6009303798030462,-0.2453199872944972,-0.4587315935652159,0.5057723262610202,992.014652014652,806.2637362637363,814.3223443223443,607.6190476190476,874.3589743589744,-0.110779,0.067871,0.960388,11.409607,5.241241,-8.209534,1.0,4.0,1.0,1.0,4.0,70.0,,1732470238840,34500,29996
150,2024-11-24 12:43:59.339,0.779396943487292,-0.1386837335233709,0.4481308953526885,1.870220543009762,0.3565913280295037,0.0125401128335013,0.102950762978473,1.731964636338561,0.3199218696066731,-0.0139091305916898,0.2770136973181952,1.42596387463475,0.5467511366308926,-0.0133935802710997,0.1469368823088274,1.00617648313623,0.6009303798030462,-0.1837567919940784,-0.3945683782373304,0.5057723262610202,1016.593406593407,808.6813186813187,799.0109890109891,1020.21978021978,8.461538461538462,-0.015625,0.180969,0.967773,-3.53653,2.826233,-0.321503,1.0,4.0,1.0,1.0,4.0,70.0,,1732470239339,34999,30495
152,2024-11-24 12:43:59.848,0.779396943487292,0.0772067158016288,0.3685067725625653,1.870220543009762,0.3565913280295037,0.1116215485763495,-0.0097832862009224,1.731964636338561,0.3199218696066731,0.1019865105092398,0.3735353134444249,1.42596387463475,0.5467511366308926,0.0982885188741801,0.2123452497346125,1.00617648313623,0.6009303798030462,-0.1028335176312977,-0.3158165138245184,0.5057723262610202,539.92673992674,796.996336996337,810.6959706959707,579.4139194139194,0.0,-0.150818,0.035767,0.907898,6.175842,-0.530853,9.203949,1.0,4.0,1.0,1.0,4.0,70.0,,1732470239848,35508,31004
155,2024-11-24 12:44:00.343,0.779396943487292,0.074888009675019,0.4347493073598012,1.870220543009762,0.3565913280295037,0.1148332203700821,0.0145255092590174,1.731964636338561,0.3199218696066731,0.1998791423248518,0.4807468521082687,1.42596387463475,0.5467511366308926,0.1458313363244057,0.1978845924905087,1.00617648313623,0.6009303798030462,-0.0321217918203751,-0.2756867175808953,0.5057723262610202,635.8241758241759,807.0695970695971,802.2344322344322,1106.849816849817,1626.630036630037,-0.146912,0.148865,0.824829,-3.820648,-1.861725,-3.828125,1.0,4.0,1.0,1.0,4.0,70.0,,1732470240343,36003,31499
157,2024-11-24 12:44:00.840,0.779396943487292,0.0816619330688085,0.5267470889674938,1.870220543009762,0.3565913280295037,-0.0254978807468916,0.0650741608500626,1.731964636338561,0.3199218696066731,0.2909881290398212,0.4807468521082687,1.42596387463475,0.5467511366308926,0.0911374384467078,0.0286253789124077,1.00617648313623,0.6009303798030462,-0.019699066311865,-0.3112827798829135,0.5057723262610202,1459.41391941392,803.8461538461539,784.1025641025641,1626.630036630037,1626.630036630037,-0.033081,0.024414,1.082581,-0.942078,8.463745,-1.697235,1.0,4.0,1.0,1.0,4.0,70.0,,1732470240840,36500,31996
159,2024-11-24 12:44:01.347,0.779396943487292,0.0781464894794,0.6947302333981255,1.870220543009762,0.3565913280295037,-0.0102229522041961,0.5036457681891064,1.731964636338561,0.3199218696066731,0.3019118651303754,0.7400626918132489,1.42596387463475,0.5467511366308926,0.073650825460517,-0.1423168696071405,1.00617648313623,0.6009303798030462,-0.1318695600789005,-0.3661499546538159,0.5057723262610202,710.7692307692308,809.8901098901099,807.8754578754579,0.0,0.0,-0.269592,0.136169,1.511475,4.493561,3.058014,-6.489868,1.0,4.0,1.0,1.0,4.0,70.0,,1732470241347,37007,32503
161,2024-11-24 12:44:01.840,0.779396943487292,0.1560590939395599,0.6723802569890429,1.870220543009762,0.3565913280295037,0.0529624841049127,0.5448935927343977,1.731964636338561,0.3199218696066731,0.2138510887745551,0.7545481989659332,1.42596387463475,0.5467511366308926,0.0012767942732463,-0.1223840677586111,1.00617648313623,0.6009303798030462,-0.2777827896169449,-0.438202128863378,0.5057723262610202,1067.765567765568,793.7728937728938,801.025641025641,842.5274725274726,1625.421245421245,-0.079834,0.206604,0.985596,1.80191,-0.807495,-1.338348,1.0,4.0,1.0,1.0,4.0,70.0,,1732470241840,37500,32996
162,2024-11-24 12:44:02.340,0.779396943487292,0.3231234658803881,0.6498516391086958,1.870220543009762,0.3565913280295037,0.15063376972736,0.6191649977316012,1.731964636338561,0.3199218696066731,0.2716273868242507,0.7964026176200913,1.42596387463475,0.5467511366308926,-0.0395230503843695,-0.0131485165618962,1.00617648313623,0.6009303798030462,-0.3863585235539415,-0.4869105616000013,0.5057723262610202,607.2161172161173,802.2344322344322,810.2930402930403,229.6703296703297,0.0,-0.184448,0.033875,0.848083,5.286102,6.482391,-2.639313,1.0,4.0,1.0,1.0,4.0,70.0,,1732470242340,38000,33496
164,2024-11-24 12:44:02.839,0.779396943487292,0.6587537908419075,0.7488142005050632,1.870220543009762,0.3565913280295037,0.2179244683587375,0.5665304838125148,1.731964636338561,0.3199218696066731,0.2141261950271235,0.7235104662079634,1.42596387463475,0.5467511366308926,-0.063655402281423,0.0755758980746433,1.00617648313623,0.6009303798030462,-0.4440700452651068,-0.5873074878715119,0.5057723262610202,566.9230769230769,791.3553113553114,809.8901098901099,538.3150183150183,400.9157509157509,-0.039856,0.195068,0.850769,2.145844,-17.435913,11.738586,1.0,4.0,1.0,1.0,4.0,70.0,,1732470242839,38499,33995
166,2024-11-24 12:44:03.340,0.779396943487292,0.8316052402463875,0.8024531154490567,1.870220543009762,0.3565913280295037,0.3824897511143182,0.5796099166835372,1.731964636338561,0.3199218696066731,0.4977911975009414,0.5901130053678683,1.42596387463475,0.5467511366308926,-0.0051840939217227,0.0981121000653683,1.00617648313623,0.6009303798030462,-0.4449429563413966,-0.5748806717329368,0.5057723262610202,1432.820512820513,801.025641025641,814.7252747252747,1627.435897435897,1627.032967032967,-0.150391,-0.0271,1.133057,-6.706696,-3.947754,-0.927124,1.0,4.0,1.0,1.0,4.0,70.0,,1732470243340,39000,34496
168,2024-11-24 12:44:03.840,0.779396943487292,0.9590224874079408,0.9418450740754516,1.870220543009762,0.3565913280295037,0.4780913470660316,0.5741182701364583,1.731964636338561,0.3199218696066731,0.4977911975009414,0.4543235943357068,1.42596387463475,0.5467511366308926,0.0985238840175855,0.1023426643846816,1.00617648313623,0.6009303798030462,-0.5911760765000357,-0.599721435181939,0.5057723262610202,823.992673992674,803.040293040293,802.2344322344322,259.0842490842491,0.0,-0.032532,0.164795,1.108826,1.996307,2.272949,-12.516174,1.0,4.0,1.0,1.0,4.0,70.0,,1732470243840,39500,34996
169,2024-11-24 12:44:04.347,0.779396943487292,1.036438787058411,1.150596242076812,1.870220543009762,0.3565913280295037,0.5591017973163054,0.9234058432550998,1.731964636338561,0.3199218696066731,0.5573074766253637,0.7345620559033703,1.42596387463475,0.5467511366308926,0.1085010367102045,0.1650692640011608,1.00617648313623,0.6009303798030462,-0.5076429978428425,-0.3692031288236533,0.5057723262610202,536.3003663003664,794.981684981685,808.6813186813187,692.2344322344322,0.0,-0.125977,0.152283,0.992981,-4.515991,5.383301,-0.605621,1.0,4.0,1.0,1.0,4.0,70.0,,1732470244347,40007,35503
173,2024-11-24 12:44:04.840,0.779396943487292,0.8583988134591376,1.006310247860159,1.870220543009762,0.3565913280295037,0.3376908364148924,0.7680656110465953,1.731964636338561,0.3199218696066731,0.5206776544504962,0.7345620559033703,1.42596387463475,0.5467511366308926,0.0715039260395751,0.1236050977248279,1.00617648313623,0.6009303798030462,-0.2866229612672382,-0.1759677491209701,0.5057723262610202,1078.644688644689,807.4725274725275,807.0695970695971,617.6923076923077,0.0,-0.085449,0.062317,0.991272,7.992706,-3.102875,-2.086029,1.0,4.0,1.0,1.0,4.0,70.0,,1732470244840,40500,35996
174,2024-11-24 12:44:05.340,0.779396943487292,0.7511337308932048,0.894611595774915,1.870220543009762,0.3565913280295037,0.2486901825428948,0.6728076274760861,1.731964636338561,0.3199218696066731,0.5208617746821492,0.7406968295708296,1.42596387463475,0.5467511366308926,0.0877564634808382,0.123713888346671,1.00617648313623,0.6009303798030462,-0.2888071748392206,-0.164227725462596,0.5057723262610202,317.1062271062271,804.6520146520147,803.4432234432235,581.8315018315019,0.0,-0.073242,0.158386,0.852844,-3.050537,-0.672913,-6.332855,1.0,4.0,1.0,1.0,4.0,70.0,,1732470245340,41000,36496
176,2024-11-24 12:44:05.840,0.779396943487292,0.6438052960713043,0.7657168760144978,1.870220543009762,0.3565913280295037,0.3240387614988916,0.525961457853205,1.731964636338561,0.3199218696066731,0.4687914720022994,0.6517494200151844,1.42596387463475,0.5467511366308926,0.0617837594711842,0.1563484849741099,1.00617648313623,0.6009303798030462,-0.2485142370989861,-0.1274002492628133,0.5057723262610202,550.8058608058608,790.5494505494506,801.4285714285714,643.8827838827839,692.6373626373627,-0.128052,0.051758,0.820068,11.275024,5.914154,9.024506,1.0,4.0,1.0,1.0,4.0,70.0,,1732470245840,41500,36996
178,2024-11-24 12:44:06.349,0.779396943487292,0.5987357254612168,0.7619018244287991,1.870220543009762,0.3565913280295037,0.2831646542028686,0.4720527618022936,1.731964636338561,0.3199218696066731,0.4010530401582869,0.5835508588042032,1.42596387463475,0.5467511366308926,0.108197796099204,0.1610857473063398,1.00617648313623,0.6009303798030462,-0.2970614873777019,-0.1639626320480971,0.5057723262610202,682.967032967033,794.981684981685,810.6959706959707,1151.172161172161,1626.630036630037,-0.137085,0.158875,0.88385,-1.24115,-3.9328,-0.553284,1.0,4.0,1.0,1.0,4.0,65.0,,1732470246349,42009,37505
180,2024-11-24 12:44:06.840,0.779396943487292,0.5820108247060932,0.6942025346800362,1.870220543009762,0.3565913280295037,0.2816803526242406,0.2797385359173336,1.731964636338561,0.3199218696066731,0.2836646627333803,0.3865775569367353,1.42596387463475,0.5467511366308926,0.0908301824938095,0.1072959898226109,1.00617648313623,0.6009303798030462,-0.2893402335514663,-0.2614574401119563,0.5057723262610202,1143.113553113553,800.6227106227107,809.0842490842491,1485.201465201465,989.5970695970695,-0.045288,0.034912,1.141113,1.413116,1.772003,3.588867,1.0,4.0,1.0,1.0,4.0,65.0,,1732470246840,42500,37996
182,2024-11-24 12:44:07.340,0.779396943487292,0.2440878747463499,0.3588569157923533,1.870220543009762,0.3565913280295037,-0.0214554981007064,-0.0622386080442661,1.731964636338561,0.3199218696066731,0.2066027544534978,0.1282063023585216,1.42596387463475,0.5467511366308926,0.0648747411414413,-0.0674746864920838,1.00617648313623,0.6009303798030462,-0.3136976736833682,-0.2973061524432044,0.5057723262610202,1072.600732600733,806.6666666666667,815.934065934066,546.7765567765568,0.0,-0.156067,0.142395,1.295715,7.544098,-12.792816,-7.192688,1.0,4.0,1.0,1.0,4.0,65.0,,1732470247340,43000,38496
184,2024-11-24 12:44:07.852,0.779396943487292,0.2332992432724861,0.176928063550225,1.870220543009762,0.3565913280295037,0.1394798540383827,0.0067794392048181,1.731964636338561,0.3199218696066731,0.191150896055886,0.4052596600659407,1.42596387463475,0.5467511366308926,-0.0008863022909068,0.0012646785982222,1.00617648313623,0.6009303798030462,-0.2109992575236491,-0.1827915821544159,0.5057723262610202,609.2307692307693,805.8608058608058,797.3992673992674,729.3040293040293,307.8388278388279,-0.049866,0.189697,1.178589,-1.637421,18.587341,9.62265,1.0,4.0,1.0,1.0,4.0,65.0,,1732470247852,43512,39008
186,2024-11-24 12:44:08.341,0.779396943487292,0.0987518422679501,0.3452116188517197,1.870220543009762,0.3565913280295037,0.1724484145576245,0.1249574743567657,1.731964636338561,0.3199218696066731,0.3672220374944051,0.4176461443434444,1.42596387463475,0.5467511366308926,0.0767824568118351,0.0239624011528572,1.00617648313623,0.6009303798030462,-0.1410432853287843,-0.1604414378096703,0.5057723262610202,1064.139194139194,815.1282051282052,799.0109890109891,690.6227106227107,0.0,-0.137512,0.029602,0.970337,3.22998,-11.222687,-1.786957,1.0,4.0,1.0,1.0,4.0,65.0,,1732470248341,44001,39497
188,2024-11-24 12:44:08.840,0.779396943487292,0.4308491581084175,0.5221126045591507,1.870220543009762,0.3565913280295037,0.2176898999743581,0.2790097336293689,1.731964636338561,0.3199218696066731,0.5389349249266014,0.4618029513009737,1.42596387463475,0.5467511366308926,0.1702342644313329,0.1168878029914463,1.00617648313623,0.6009303798030462,-0.147337608640493,-0.201699290909401,0.5057723262610202,302.6007326007326,811.9047619047619,809.4871794871796,519.7802197802198,0.0,-0.077576,0.144653,0.842407,6.594543,-12.553558,0.37384,1.0,4.0,1.0,1.0,4.0,65.0,,1732470248840,44500,39996
191,2024-11-24 12:44:09.340,0.779396943487292,0.4727907487572429,0.6541489091624869,1.870220543009762,0.3565913280295037,0.2119816558486662,0.3566913783914134,1.731964636338561,0.3199218696066731,0.5197147568280568,0.4497427083637492,1.42596387463475,0.5467511366308926,0.1523395828093985,0.0876760786679917,1.00617648313623,0.6009303798030462,-0.250310366502072,-0.305464120128053,0.5057723262610202,708.3516483516484,797.3992673992674,809.8901098901099,834.8717948717949,1626.630036630037,-0.111633,0.052917,0.876709,4.089813,-4.344025,1.151428,1.0,4.0,1.0,1.0,4.0,65.0,,1732470249340,45000,40496
193,2024-11-24 12:44:09.840,0.779396943487292,0.637867186883301,0.7264035062591973,1.870220543009762,0.3565913280295037,0.1635100706912622,0.5494910791878249,1.731964636338561,0.3199218696066731,0.5530967050901251,0.4713801248038729,1.42596387463475,0.5467511366308926,0.1227117801650485,0.0667390229585031,1.00617648313623,0.6009303798030462,-0.386387777273784,-0.3321138837419365,0.5057723262610202,1145.128205128205,801.025641025641,807.8754578754579,986.7765567765568,1626.630036630037,-0.016541,0.222656,0.984375,-2.826233,-4.590759,-10.729218,1.0,4.0,1.0,1.0,4.0,65.0,,1732470249840,45500,40996
195,2024-11-24 12:44:10.347,0.779396943487292,0.776994725058999,0.7710905510418692,1.870220543009762,0.3565913280295037,0.2318981271521425,0.5998912522316922,1.731964636338561,0.3199218696066731,0.5331565225928834,0.3339784814958581,1.42596387463475,0.5467511366308926,0.0878556958685277,-0.0370447589551215,1.00617648313623,0.6009303798030462,-0.3157813239889293,-0.2629719255890861,0.5057723262610202,1122.564102564103,799.4139194139194,803.040293040293,759.5238095238095,655.1648351648352,-0.012634,0.089172,1.196411,3.177643,-27.903442,3.170166,1.0,4.0,1.0,1.0,4.0,65.0,,1732470250347,46007,41503
197,2024-11-24 12:44:10.840,0.779396943487292,0.8619831725274612,0.8148029913985343,1.870220543009762,0.3565913280295037,0.2691966102563062,0.69701124436888,1.731964636338561,0.3199218696066731,0.5538375699374872,0.2109542409849385,1.42596387463475,0.5467511366308926,0.159343137709261,-0.1052718150041826,1.00617648313623,0.6009303798030462,-0.2669334754685192,-0.2741121911967113,0.5057723262610202,963.809523809524,803.040293040293,794.5787545787546,456.5201465201465,41.90476190476191,-0.168213,0.045166,0.953064,0.837402,3.977661,-4.493561,1.0,4.0,1.0,1.0,4.0,65.0,,1732470250840,46500,41996
198,2024-11-24 12:44:11.340,0.779396943487292,0.8007738619720512,0.868393791203686,1.870220543009762,0.3565913280295037,0.2206361769924495,0.7705147583920385,1.731964636338561,0.3199218696066731,0.5729925585455514,0.2109542409849385,1.42596387463475,0.5467511366308926,0.0707944149363511,-0.0840938106464956,1.00617648313623,0.6009303798030462,-0.3055851091792444,-0.2882919373221402,0.5057723262610202,1081.465201465202,798.2051282051282,823.1868131868132,927.1428571428572,746.2271062271062,-0.138306,0.132446,0.950195,-4.949646,5.577698,-6.056213,1.0,4.0,1.0,1.0,4.0,65.0,,1732470251340,47000,42496
201,2024-11-24 12:44:11.840,0.779396943487292,0.490581745653008,0.4024419569403904,1.870220543009762,0.3565913280295037,-0.0480828906792559,-0.1288475019865971,1.731964636338561,0.3199218696066731,0.4683364387031094,-0.0070368568873662,1.42596387463475,0.5467511366308926,-0.0279472452873483,0.0960225480604965,1.00617648313623,0.6009303798030462,-0.4452264554662013,-0.1085862900988816,0.5057723262610202,372.3076923076923,801.8315018315019,798.2051282051282,377.1428571428572,0.0,-0.158203,0.020264,0.748169,9.443207,5.764618,9.091797,1.0,4.0,1.0,1.0,4.0,65.0,,1732470251840,47500,42996
203,2024-11-24 12:44:12.339,0.779396943487292,0.195550953518921,0.560757825592811,1.870220543009762,0.3565913280295037,-0.4382950705042515,-0.0616036535039647,1.731964636338561,0.3199218696066731,0.2577565736830177,0.1201070941209666,1.42596387463475,0.5467511366308926,-0.0846690876027495,0.0849251493777975,1.00617648313623,0.6009303798030462,-0.4956938727144212,-0.1460178051919007,0.5057723262610202,641.0622710622711,801.4285714285714,801.4285714285714,1422.344322344322,1620.989010989011,-0.119934,0.122009,0.819885,-2.018738,-9.4133,-5.988922,1.0,4.0,1.0,1.0,4.0,65.0,,1732470252339,47999,43495
205,2024-11-24 12:44:12.852,0.779396943487292,0.1900357983885423,0.5316337090706116,1.870220543009762,0.3565913280295037,-0.2505870710947791,0.1628493440280016,1.731964636338561,0.3199218696066731,0.2297629079751821,0.3616374264798503,1.42596387463475,0.5467511366308926,-0.0544436544340589,0.0708703537185899,1.00617648313623,0.6009303798030462,-0.5755824709152533,-0.2110941665874083,0.5057723262610202,1359.487179487179,805.054945054945,801.025641025641,1376.813186813187,1626.630036630037,-0.149292,0.043701,1.041626,0.291595,10.983429,7.020721,1.0,4.0,1.0,1.0,4.0,65.0,,1732470252852,48512,44008
208,2024-11-24 12:44:13.340,0.779396943487292,0.3670806957659439,0.8940743035212657,1.870220543009762,0.3565913280295037,0.0948091900298194,0.5748718676956707,1.731964636338561,0.3199218696066731,0.2648015892954319,0.4452236577342313,1.42596387463475,0.5467511366308926,-0.0730343306543003,0.0926217465025408,1.00617648313623,0.6009303798030462,-0.595018306664636,-0.3796483331944235,0.5057723262610202,979.92673992674,802.6373626373627,805.8608058608058,806.6666666666667,0.0,-0.191589,0.154785,1.391235,1.121521,6.153412,-7.798309,1.0,4.0,1.0,1.0,4.0,65.0,,1732470253340,49000,44496
210,2024-11-24 12:44:13.849,0.779396943487292,0.4461828608933822,0.981774324908002,1.870220543009762,0.3565913280295037,0.2785334487029634,0.7545623650692447,1.731964636338561,0.3199218696066731,0.6850002924968205,0.7725149668967777,1.42596387463475,0.5467511366308926,-0.0447371900450902,0.1324192362515204,1.00617648313623,0.6009303798030462,-0.5100737214254644,-0.5322896634974843,0.5057723262610202,560.0732600732601,803.4432234432235,803.8461538461539,263.1135531135531,0.0,-0.132507,0.141846,1.114136,2.198181,8.022614,1.330872,1.0,4.0,1.0,1.0,4.0,65.0,,1732470253849,49509,45005
211,2024-11-24 12:44:14.340,0.779396943487292,0.5599702314709877,1.081888743313777,1.870220543009762,0.3565913280295037,0.4750040883265684,0.8217098335850187,1.731964636338561,0.3199218696066731,0.8090101423310421,0.7725149668967777,1.42596387463475,0.5467511366308926,0.007678305708881,0.164471740454989,1.00617648313623,0.6009303798030462,-0.4306260716057488,-0.5589448452301363,0.5057723262610202,1083.882783882784,800.6227106227107,809.0842490842491,854.2124542124542,12.49084249084249,-0.157104,0.038391,0.934937,10.220795,-11.843262,-25.301514,1.0,4.0,1.0,1.0,4.0,65.0,,1732470254340,50000,45496
214,2024-11-24 12:44:14.840,0.779396943487292,1.102070311073885,0.9820073121552444,1.870220543009762,0.3565913280295037,0.7833885064910896,0.7894125151608662,1.731964636338561,0.3199218696066731,0.9583259615185948,0.7179330280109927,1.42596387463475,0.5467511366308926,0.0651197940813836,0.1588129744455241,1.00617648313623,0.6009303798030462,-0.3569691611224903,-0.5687357639122619,0.5057723262610202,379.96336996337,794.981684981685,836.0805860805862,485.1282051282051,0.0,-0.07196,0.141174,0.8479,1.398163,-6.153412,2.639313,1.0,4.0,1.0,1.0,4.0,65.0,,1732470254840,50500,45996
217,2024-11-24 12:44:15.346,0.779396943487292,1.304794741261038,1.077019585709626,1.870220543009762,0.3565913280295037,0.9566267512800976,0.8948284750677346,1.731964636338561,0.3199218696066731,0.9490558575898956,0.7179330280109927,1.42596387463475,0.5467511366308926,0.1132101873591769,0.2235818238018459,1.00617648313623,0.6009303798030462,-0.3386297376424312,-0.5879921396433629,0.5057723262610202,616.080586080586,808.2783882783883,809.4871794871796,593.5164835164835,948.095238095238,-0.05719,0.029663,0.888611,11.521759,-3.970184,7.917938,1.0,4.0,1.0,1.0,4.0,65.0,,1732470255346,51006,46502
218,2024-11-24 12:44:15.840,0.779396943487292,1.360968475070016,1.077019585709626,1.870220543009762,0.3565913280295037,0.9079089504945784,0.8948284750677346,1.731964636338561,0.3199218696066731,0.8536161449979977,0.7179330280109927,1.42596387463475,0.5467511366308926,0.132869302332647,0.2235818238018459,1.00617648313623,0.6009303798030462,-0.3562935759199633,-0.5879921396433629,0.5057723262610202,1066.556776556777,806.2637362637363,807.4725274725275,1079.047619047619,1626.630036630037,-0.089111,0.23761,0.995911,2.64679,4.299164,0.358887,1.0,4.0,1.0,1.0,4.0,65.0,,1732470255840,51500,46996
220,2024-11-24 12:44:16.340,0.779396943487292,0.5081035298762117,1.077019585709626,1.870220543009762,0.3565913280295037,0.0402967620340335,0.8948284750677346,1.731964636338561,0.3199218696066731,0.1007332363835178,0.7179330280109927,1.42596387463475,0.5467511366308926,0.0614036423139782,0.2235818238018459,1.00617648313623,0.6009303798030462,-0.5553926657040221,-0.5879921396433629,0.5057723262610202,501.2454212454213,796.996336996337,797.3992673992674,601.1721611721612,0.0,-0.030334,0.10376,1.318726,-2.422485,0.418701,-3.267365,1.0,4.0,1.0,1.0,4.0,65.0,,1732470256340,52000,47496
223,2024-11-24 12:44:16.840,0.779396943487292,0.6270992471111404,0.8933370607384068,1.870220543009762,0.3565913280295037,0.1858118943732722,0.3824347017776142,1.731964636338561,0.3199218696066731,0.4413853453183316,0.391413638779605,1.42596387463475,0.5467511366308926,0.1066085983582108,-0.051280688595693,1.00617648313623,0.6009303798030462,-0.6010427510853219,-0.3174671051771531,0.5057723262610202,960.989010989011,800.2197802197802,799.0109890109891,499.6336996336996,573.3699633699634,-0.07251,0.102539,1.015991,4.80011,-0.5159,-7.14035,1.0,4.0,1.0,1.0,4.0,65.0,,1732470256840,52500,47996
225,2024-11-24 12:44:17.340,0.779396943487292,0.7840917092170704,0.873695895487382,1.870220543009762,0.3565913280295037,0.4320105687746297,0.5303316562450353,1.731964636338561,0.3199218696066731,0.5121689866771043,0.6466524087520351,1.42596387463475,0.5467511366308926,0.077596043172076,0.103261378598488,1.00617648313623,0.6009303798030462,-0.6141852180456757,-0.3726532094701177,0.5057723262610202,547.985347985348,824.7985347985348,813.919413919414,935.6043956043956,981.5384615384615,-0.012878,0.189941,0.871765,2.071075,-7.940369,-6.422577,1.0,4.0,1.0,1.0,4.0,65.0,,1732470257340,53000,48496
228,2024-11-24 12:44:17.840,0.779396943487292,1.182052726435636,0.937316554181668,1.870220543009762,0.3565913280295037,0.8099166576299367,0.6350785958879895,1.731964636338561,0.3199218696066731,0.6650536420797205,0.662616605565901,1.42596387463475,0.5467511366308926,0.0363121137145634,0.165201124165179,1.00617648313623,0.6009303798030462,-0.5997521075533819,-0.4306522732843934,0.5057723262610202,619.7069597069598,802.2344322344322,799.4139194139194,1026.666666666667,1626.630036630037,-0.028137,0.044617,0.945679,5.473022,-4.336548,0.53833,1.0,4.0,1.0,1.0,4.0,65.0,,1732470257840,53500,48996
230,2024-11-24 12:44:18.340,0.779396943487292,1.256105658479396,0.8195179890117976,1.870220543009762,0.3565913280295037,0.9016890281643188,0.6224778221871933,1.731964636338561,0.3199218696066731,0.6515179534355152,0.6707332464047265,1.42596387463475,0.5467511366308926,-0.0819840607590091,0.17750387422727,1.00617648313623,0.6009303798030462,-0.5522410661802466,-0.4893399522732774,0.5057723262610202,1177.362637362637,801.025641025641,805.054945054945,879.1941391941392,1636.703296703297,-0.014832,0.236023,0.99939,-0.418701,-1.734619,1.435547,1.0,4.0,1.0,1.0,4.0,65.0,,1732470258340,54000,49496
233,2024-11-24 12:44:18.840,0.779396943487292,1.178463788123909,0.7705571699952095,1.870220543009762,0.3565913280295037,0.8087055119009909,0.5084111646914397,1.731964636338561,0.3199218696066731,0.5695872768773536,0.5008389620906387,1.42596387463475,0.5467511366308926,-0.1232917758770676,0.047822265642789,1.00617648313623,0.6009303798030462,-0.4473024424924988,-0.4836789055840398,0.5057723262610202,572.967032967033,796.5934065934066,802.6373626373627,652.7472527472528,965.824175824176,-0.128296,0.21698,1.144592,-0.209351,4.000092,9.159088,1.0,4.0,1.0,1.0,4.0,65.0,,1732470258840,54500,49996
234,2024-11-24 12:44:19.348,0.779396943487292,0.9605074601009488,0.7778921964033608,1.870220543009762,0.3565913280295037,0.5982336174147549,0.4875868110355391,1.731964636338561,0.3199218696066731,0.501441442835998,0.5267615548834735,1.42596387463475,0.5467511366308926,-0.0625787180183271,0.0406049494716226,1.00617648313623,0.6009303798030462,-0.3725112261740489,-0.541326220210897,0.5057723262610202,783.2967032967033,797.8021978021978,802.6373626373627,909.0109890109892,0.0,-0.111938,0.092163,0.884277,5.031891,7.14035,-1.42807,1.0,4.0,1.0,1.0,4.0,65.0,,1732470259348,55008,50504
237,2024-11-24 12:44:19.840,0.779396943487292,0.9997683059773734,1.230576309328088,1.870220543009762,0.3565913280295037,0.7237556546433455,0.8126081489728842,1.731964636338561,0.3199218696066731,0.5969005712020856,0.6173043424785336,1.42596387463475,0.5467511366308926,0.0116694553535418,0.1533415079110635,1.00617648313623,0.6009303798030462,-0.3228257254202366,-0.3149598927111915,0.5057723262610202,646.3003663003664,795.3846153846154,824.3956043956044,854.2124542124542,1626.630036630037,-0.13208,0.244446,0.978271,5.278625,-10.175934,-16.157379,1.0,4.0,1.0,1.0,4.0,65.0,,1732470259840,55500,50996
239,2024-11-24 12:44:20.339,0.779396943487292,1.050330906422598,1.299835449481418,1.870220543009762,0.3565913280295037,0.8192888884930692,0.8282043731207608,1.731964636338561,0.3199218696066731,0.6308233118672699,0.6343840107852451,1.42596387463475,0.5467511366308926,0.0679582869221843,0.1560471897155278,1.00617648313623,0.6009303798030462,-0.2250226744350361,-0.3047943532171399,0.5057723262610202,1161.648351648352,802.6373626373627,813.5164835164835,821.5750915750916,1613.333333333333,-0.108276,0.092957,1.077332,-5.188904,-2.639313,-3.529053,1.0,4.0,1.0,1.0,4.0,65.0,,1732470260339,55999,51495
241,2024-11-24 12:44:20.842,0.779396943487292,0.9941247744037064,1.21154446995852,1.870220543009762,0.3565913280295037,0.9032402672819634,0.8724322315010695,1.731964636338561,0.3199218696066731,0.7560968072920563,0.7098871113471515,1.42596387463475,0.5467511366308926,0.312710961776678,0.3104661335880776,1.00617648313623,0.6009303798030462,0.3609911479124672,0.3153570482510183,0.5057723262610202,475.4578754578754,800.6227106227107,809.4871794871796,342.8937728937729,0.0,-0.085388,0.096008,0.974487,1.443024,-0.605621,-7.932892,1.0,4.0,1.0,1.0,4.0,65.0,,1732470260842,56502,51998
243,2024-11-24 12:44:21.340,0.779396943487292,0.6345874680399941,0.9762921161082198,1.870220543009762,0.3565913280295037,0.6535104642046964,0.7819183892379931,1.731964636338561,0.3199218696066731,0.6103226320169617,0.7317161960972066,1.42596387463475,0.5467511366308926,0.3483193753645349,0.2904174577215172,1.00617648313623,0.6009303798030462,0.3858031264948295,0.3478334663062612,0.5057723262610202,564.1025641025641,804.6520146520147,796.1904761904763,839.3040293040293,0.0,0.019958,0.197266,0.889404,-0.904694,-5.869293,8.972168,1.0,4.0,1.0,1.0,4.0,65.0,,1732470261340,57000,52496
245,2024-11-24 12:44:21.844,0.779396943487292,0.5714031322711348,0.7150426356416766,1.870220543009762,0.3565913280295037,0.5942937475910794,0.8218932485405818,1.731964636338561,0.3199218696066731,0.6116165763757171,0.7662224179746148,1.42596387463475,0.5467511366308926,0.3084966261367627,0.2076306804949338,1.00617648313623,0.6009303798030462,0.3053446735679723,0.193843940921356,0.5057723262610202,1010.952380952381,799.0109890109891,792.967032967033,1210.805860805861,1626.630036630037,-0.096375,0.071045,1.091614,4.63562,-3.20755,12.224579,1.0,4.0,1.0,1.0,4.0,65.0,,1732470261844,57504,53000
247,2024-11-24 12:44:22.340,0.779396943487292,0.5230885650274215,0.6565401247008791,1.870220543009762,0.3565913280295037,0.3937399248397101,0.7040792239889523,1.731964636338561,0.3199218696066731,0.4428701051020979,0.7525840574285879,1.42596387463475,0.5467511366308926,0.1320215906398046,0.0627237447090769,1.00617648313623,0.6009303798030462,-0.0942275725635278,-0.1152708451646057,0.5057723262610202,1010.952380952381,797.3992673992674,795.3846153846154,777.2527472527473,1418.717948717949,-0.010071,0.238342,1.026855,3.035583,-14.063873,12.508698,1.0,4.0,1.0,1.0,4.0,65.0,,1732470262340,58000,53496
249,2024-11-24 12:44:22.846,0.779396943487292,0.7261922839974667,0.8236336152121461,1.870220543009762,0.3565913280295037,0.496473475395327,0.7895617902830572,1.731964636338561,0.3199218696066731,0.6782531982118046,0.7009902937508473,1.42596387463475,0.5467511366308926,-0.0036330976796635,0.0040316378081456,1.00617648313623,0.6009303798030462,-0.3377168832126549,-0.3276222088679518,0.5057723262610202,950.9157509157508,811.5018315018315,790.1465201465202,962.6007326007326,1390.915750915751,0.210693,0.253296,0.978882,4.157104,7.005768,26.520233,1.0,2.0,1.0,1.0,4.0,65.0,,1732470262846,58506,54002
250,2024-11-24 12:44:23.340,0.779396943487292,1.024113606224162,0.924217785238486,1.870220543009762,0.3565913280295037,0.7533672919786234,0.6962929677788896,1.731964636338561,0.3199218696066731,0.8339959193832008,0.561162981041644,1.42596387463475,0.5467511366308926,0.0235900268125408,-0.0066887212722491,1.00617648313623,0.6009303798030462,-0.1948968743309864,-0.225981037867946,0.5057723262610202,883.6263736263736,812.7106227106227,784.5054945054945,844.5421245421246,1626.630036630037,0.003296,0.131042,1.094299,6.945953,6.437531,8.822632,1.0,2.0,1.0,1.0,2.0,65.0,,1732470263340,59000,54496
252,2024-11-24 12:44:23.847,0.779396943487292,1.068038663541433,1.139758039533713,1.870220543009762,0.3565913280295037,0.8228180399459877,0.866878899580806,1.731964636338561,0.3199218696066731,0.8339959193832008,0.5305459039283807,1.42596387463475,0.5467511366308926,0.0688467751010866,0.0272307605282336,1.00617648313623,0.6009303798030462,-0.2131380892114865,-0.2646467937587509,0.5057723262610202,899.3406593406594,808.6813186813187,795.7875457875458,1034.322344322344,119.6703296703297,-0.03833,0.144043,1.028259,0.291595,1.233673,-37.219543,1.0,4.0,1.0,1.0,4.0,65.0,,1732470263847,59507,55003
